{"cameraMode":{"drawMode":0,"name":"Shaded","section":"Shading Mode"},"sceneLighting":false,"audioPlay":false,"sceneViewState":{"showFog":true,"showMaterialUpdate":true,"showSkybox":true,"showFlares":true,"showImageEffects":true,"showParticleSystems":true},"in2DMode":false,"pivot":{"x":39.69000244140625,"y":-2.680000066757202,"z":1.9765000343322755},"rotation":{"x":0.15025432407855988,"y":0.6677299737930298,"z":-0.14022883772850038,"w":0.7154691815376282},"size":2.9698688983917238,"orthographic":true}